rank,symbol,target_weight_pct,selection_rule,snapshot_date
1,NASDAQ:AAPL,2.00,top50_market_cap_after_all_gates,2026-09-30
2,NASDAQ:MSFT,2.00,top50_market_cap_after_all_gates,2026-09-30
3,NASDAQ:AVGO,2.00,top50_market_cap_after_all_gates,2026-09-30
4,NYSE:LLY,2.00,top50_market_cap_after_all_gates,2026-09-30
5,NYSE:JPM,2.00,top50_market_cap_after_all_gates,2026-09-30
6,NASDAQ:WMT,2.00,top50_market_cap_after_all_gates,2026-09-30
7,NYSE:V,2.00,top50_market_cap_after_all_gates,2026-09-30
8,NYSE:XOM,2.00,top50_market_cap_after_all_gates,2026-09-30
9,NYSE:JNJ,2.00,top50_market_cap_after_all_gates,2026-09-30
10,NYSE:MA,2.00,top50_market_cap_after_all_gates,2026-09-30
11,NYSE:ABBV,2.00,top50_market_cap_after_all_gates,2026-09-30
12,NASDAQ:CSCO,2.00,top50_market_cap_after_all_gates,2026-09-30
13,NYSE:ORCL,2.00,top50_market_cap_after_all_gates,2026-09-30
14,NASDAQ:LRCX,2.00,top50_market_cap_after_all_gates,2026-09-30
15,NASDAQ:COST,2.00,top50_market_cap_after_all_gates,2026-09-30
16,NYSE:BAC,2.00,top50_market_cap_after_all_gates,2026-09-30
17,NYSE:CAT,2.00,top50_market_cap_after_all_gates,2026-09-30
18,NYSE:KO,2.00,top50_market_cap_after_all_gates,2026-09-30
19,NYSE:MRK,2.00,top50_market_cap_after_all_gates,2026-09-30
20,NYSE:PG,2.00,top50_market_cap_after_all_gates,2026-09-30
21,NYSE:UNH,2.00,top50_market_cap_after_all_gates,2026-09-30
22,NYSE:PM,2.00,top50_market_cap_after_all_gates,2026-09-30
23,NYSE:HD,2.00,top50_market_cap_after_all_gates,2026-09-30
24,TSX:RY,2.00,top50_market_cap_after_all_gates,2026-09-30
25,NYSE:GS,2.00,top50_market_cap_after_all_gates,2026-09-30
26,NASDAQ:TXN,2.00,top50_market_cap_after_all_gates,2026-09-30
27,NASDAQ:KLAC,2.00,top50_market_cap_after_all_gates,2026-09-30
28,XETR:SAP,2.00,top50_market_cap_after_all_gates,2026-09-30
29,NASDAQ:AMGN,2.00,top50_market_cap_after_all_gates,2026-09-30
30,NASDAQ:LIN,2.00,top50_market_cap_after_all_gates,2026-09-30
31,NYSE:APH,2.00,top50_market_cap_after_all_gates,2026-09-30
32,NYSE:IBM,2.00,top50_market_cap_after_all_gates,2026-09-30
33,TSX:TD,2.00,top50_market_cap_after_all_gates,2026-09-30
34,NASDAQ:QCOM,2.00,top50_market_cap_after_all_gates,2026-09-30
35,NASDAQ:ADI,2.00,top50_market_cap_after_all_gates,2026-09-30
36,EURONEXT:SU,2.00,top50_market_cap_after_all_gates,2026-09-30
37,NASDAQ:GILD,2.00,top50_market_cap_after_all_gates,2026-09-30
38,NYSE:ABT,2.00,top50_market_cap_after_all_gates,2026-09-30
39,NYSE:ETN,2.00,top50_market_cap_after_all_gates,2026-09-30
40,NYSE:MCD,2.00,top50_market_cap_after_all_gates,2026-09-30
41,NYSE:UNP,2.00,top50_market_cap_after_all_gates,2026-09-30
42,NYSE:NEE,2.00,top50_market_cap_after_all_gates,2026-09-30
43,BME:IBE,2.00,top50_market_cap_after_all_gates,2026-09-30
44,NYSE:CB,2.00,top50_market_cap_after_all_gates,2026-09-30
45,NYSE:PH,2.00,top50_market_cap_after_all_gates,2026-09-30
46,NYSE:LMT,2.00,top50_market_cap_after_all_gates,2026-09-30
47,NYSE:SPGI,2.00,top50_market_cap_after_all_gates,2026-09-30
48,NYSE:MDT,2.00,top50_market_cap_after_all_gates,2026-09-30
49,NASDAQ:SBUX,2.00,top50_market_cap_after_all_gates,2026-09-30
50,NYSE:SYK,2.00,top50_market_cap_after_all_gates,2026-09-30
